prompt_label,model,dataset,num_posts,batch_size,prompt_tokens,avg_post_tokens,avg_output_tokens,total_input_tokens,total_output_tokens,cache_fraction,cost_usd,cost_per_1k_posts_usd,throughput_posts_per_hour,est_hours
zero_shot,llama3,stage0_full,1103,4,260,119.11,120.00,203133,132360,0.00,0.000000,0.000000,1000.00,1.103
few_shot_simple,llama3,stage0_full,1103,4,420,119.11,120.00,247293,132360,0.00,0.000000,0.000000,1000.00,1.103
few_shot_opt,llama3,stage0_full,1103,4,600,119.11,140.00,296973,154420,0.00,0.000000,0.000000,1000.00,1.103
zero_shot,llama3,DEV,140,4,260,129.18,120.00,27185,16800,0.00,0.000000,0.000000,1000.00,0.140
few_shot_simple,llama3,DEV,140,4,420,129.18,120.00,32785,16800,0.00,0.000000,0.000000,1000.00,0.140
few_shot_opt,llama3,DEV,140,4,600,129.18,140.00,39085,19600,0.00,0.000000,0.000000,1000.00,0.140
zero_shot,llama3,TEST,60,4,260,143.18,120.00,12491,7200,0.00,0.000000,0.000000,1000.00,0.060
few_shot_simple,llama3,TEST,60,4,420,143.18,120.00,14891,7200,0.00,0.000000,0.000000,1000.00,0.060
few_shot_opt,llama3,TEST,60,4,600,143.18,140.00,17591,8400,0.00,0.000000,0.000000,1000.00,0.060
zero_shot,gpt-5-nano,stage0_full,1103,4,260,119.11,120.00,203133,132360,0.00,0.063101,0.057208,0.00,0.000
few_shot_simple,gpt-5-nano,stage0_full,1103,4,420,119.11,120.00,247293,132360,0.00,0.065309,0.059210,0.00,0.000
few_shot_opt,gpt-5-nano,stage0_full,1103,4,600,119.11,140.00,296973,154420,0.00,0.076617,0.069462,0.00,0.000
zero_shot,gpt-5-nano,DEV,140,4,260,129.18,120.00,27185,16800,0.00,0.008079,0.057709,0.00,0.000
few_shot_simple,gpt-5-nano,DEV,140,4,420,129.18,120.00,32785,16800,0.00,0.008359,0.059709,0.00,0.000
few_shot_opt,gpt-5-nano,DEV,140,4,600,129.18,140.00,39085,19600,0.00,0.009794,0.069959,0.00,0.000
zero_shot,gpt-5-nano,TEST,60,4,260,143.18,120.00,12491,7200,0.00,0.003505,0.058409,0.00,0.000
few_shot_simple,gpt-5-nano,TEST,60,4,420,143.18,120.00,14891,7200,0.00,0.003625,0.060409,0.00,0.000
few_shot_opt,gpt-5-nano,TEST,60,4,600,143.18,140.00,17591,8400,0.00,0.004240,0.070659,0.00,0.000
zero_shot,gpt-5-mini,stage0_full,1103,4,260,119.11,120.00,203133,132360,0.00,0.315503,0.286041,0.00,0.000
few_shot_simple,gpt-5-mini,stage0_full,1103,4,420,119.11,120.00,247293,132360,0.00,0.326543,0.296050,0.00,0.000
few_shot_opt,gpt-5-mini,stage0_full,1103,4,600,119.11,140.00,296973,154420,0.00,0.383083,0.347310,0.00,0.000
zero_shot,gpt-5-mini,DEV,140,4,260,129.18,120.00,27185,16800,0.00,0.040396,0.288545,0.00,0.000
few_shot_simple,gpt-5-mini,DEV,140,4,420,129.18,120.00,32785,16800,0.00,0.041796,0.298545,0.00,0.000
few_shot_opt,gpt-5-mini,DEV,140,4,600,129.18,140.00,39085,19600,0.00,0.048971,0.349795,0.00,0.000
zero_shot,gpt-5-mini,TEST,60,4,260,143.18,120.00,12491,7200,0.00,0.017523,0.292046,0.00,0.000
few_shot_simple,gpt-5-mini,TEST,60,4,420,143.18,120.00,14891,7200,0.00,0.018123,0.302046,0.00,0.000
few_shot_opt,gpt-5-mini,TEST,60,4,600,143.18,140.00,17591,8400,0.00,0.021198,0.353296,0.00,0.000
zero_shot,gpt-5,stage0_full,1103,4,260,119.11,120.00,203133,132360,0.00,1.577516,1.430205,0.00,0.000
few_shot_simple,gpt-5,stage0_full,1103,4,420,119.11,120.00,247293,132360,0.00,1.632716,1.480250,0.00,0.000
few_shot_opt,gpt-5,stage0_full,1103,4,600,119.11,140.00,296973,154420,0.00,1.915416,1.736551,0.00,0.000
zero_shot,gpt-5,DEV,140,4,260,129.18,120.00,27185,16800,0.00,0.201981,1.442723,0.00,0.000
few_shot_simple,gpt-5,DEV,140,4,420,129.18,120.00,32785,16800,0.00,0.208981,1.492723,0.00,0.000
few_shot_opt,gpt-5,DEV,140,4,600,129.18,140.00,39085,19600,0.00,0.244856,1.748973,0.00,0.000
zero_shot,gpt-5,TEST,60,4,260,143.18,120.00,12491,7200,0.00,0.087614,1.460229,0.00,0.000
few_shot_simple,gpt-5,TEST,60,4,420,143.18,120.00,14891,7200,0.00,0.090614,1.510229,0.00,0.000
few_shot_opt,gpt-5,TEST,60,4,600,143.18,140.00,17591,8400,0.00,0.105989,1.766479,0.00,0.000
