catalog_college,normalized_issue_label,college_posts,college_total,college_pct,global_posts,global_total,global_pct,overrep_ratio,contributing_courses_top10
School of Business,instructor_or_support_unresponsiveness,5,110,0.045454545454545456,10,354,0.02824858757062147,1.6090909090909091,C211(4); D464(1)
School of Business,assessment_material_misalignment,32,110,0.2909090909090909,78,354,0.22033898305084745,1.3202797202797203,C214(5); D080(3); D196(3); D351(3); D101(2); D363(2); C207(1); C211(1); C213(1); C237(1)
School of Business,evaluator_inconsistency_or_poor_feedback,8,110,0.07272727272727272,22,354,0.062146892655367235,1.1702479338842975,C207(3); C200(1); D072(1); D099(1); D546(1); D652(1)
School of Business,missing_or_low_quality_materials,14,110,0.12727272727272726,40,354,0.11299435028248588,1.1263636363636362,D101(3); D102(3); D103(2); C200(1); C722(1); D076(1); D554(1); D774(1); D775(1)
School of Business,missing_or_broken_resources,8,110,0.07272727272727272,25,354,0.07062146892655367,1.0298181818181817,QHT1(2); C204(1); C213(1); C214(1); C723(1); D432(1); D776(1)
School of Business,platform_or_environment_failures,11,110,0.1,39,354,0.11016949152542373,0.9076923076923078,D196(5); C214(2); C216(1); D078(1); D355(1); D464(1)
School of Business,unclear_or_ambiguous_instructions,16,110,0.14545454545454545,74,354,0.20903954802259886,0.6958230958230959,C716(3); AFT2(1); C204(1); C212(1); D075(1); D078(1); D196(1); D255(1); D465(1); D547(1)
School of Education,unclear_or_ambiguous_instructions,13,30,0.43333333333333335,74,354,0.20903954802259886,2.0729729729729733,D660(3); D663(2); D675(2); D696(2); D635(1); D658(1); D662(1); D670(1)
School of Education,assessment_material_misalignment,5,30,0.16666666666666666,78,354,0.22033898305084745,0.7564102564102564,D664(2); D184(1); D635(1); D677(1)
School of Technology,tooling_environment_misconfiguration_or_guidance,14,198,0.0707070707070707,16,354,0.04519774011299435,1.5643939393939394,D335(3); C969(2); D287(2); D387(2); D278(1); D282(1); D286(1); D412(1); D602(1)
School of Technology,external_tool_dependency_risks,5,198,0.025252525252525252,7,354,0.01977401129943503,1.277056277056277,D280(3); D277(1); D335(1)
School of Technology,grading_or_answer_key_or_process_issues,5,198,0.025252525252525252,7,354,0.01977401129943503,1.277056277056277,D385(3); D427(1); D599(1)
School of Technology,proctoring_or_exam_platform_issues,8,198,0.04040404040404041,12,354,0.03389830508474576,1.191919191919192,C777(3); D281(2); D278(1); D336(1); D487(1)
School of Technology,workflow_or_policy_barriers,8,198,0.04040404040404041,12,354,0.03389830508474576,1.191919191919192,C773(1); D278(1); D325(1); D329(1); D336(1); D479(1); D481(1); D601(1)
School of Technology,platform_or_environment_failures,25,198,0.12626262626262627,39,354,0.11016949152542373,1.1460761460761462,D288(7); D427(4); D197(3); D276(2); D277(1); D370(1); D412(1); D426(1); D485(1); D492(1)
School of Technology,missing_or_broken_resources,15,198,0.07575757575757576,25,354,0.07062146892655367,1.0727272727272728,D287(2); D483(2); C777(1); D276(1); D288(1); D324(1); D370(1); D427(1); D486(1); D488(1)
School of Technology,unclear_or_ambiguous_instructions,42,198,0.21212121212121213,74,354,0.20903954802259886,1.0147420147420148,D197(6); D287(5); D596(3); D602(3); D280(2); D284(2); D483(2); D597(2); C845(1); C867(1)
School of Technology,missing_or_low_quality_materials,22,198,0.1111111111111111,40,354,0.11299435028248588,0.9833333333333333,C777(2); D197(2); D278(2); C927(1); C949(1); C960(1); D276(1); D279(1); D280(1); D281(1)
School of Technology,assessment_material_misalignment,38,198,0.1919191919191919,78,354,0.22033898305084745,0.871017871017871,D426(4); D427(4); D315(3); D330(3); C777(2); C949(2); C959(2); C960(2); D278(2); D322(2)
School of Technology,evaluator_inconsistency_or_poor_feedback,10,198,0.050505050505050504,22,354,0.062146892655367235,0.8126721763085399,C843(3); D277(2); C773(1); C783(1); C948(1); D490(1); D598(1)
